"0","library(dplyr)"
"2","
Attaching package: ‘dplyr’

"
"2","The following objects are masked from ‘package:stats’:

    filter, lag

"
"2","The following objects are masked from ‘package:base’:

    intersect, setdiff, setequal, union

"
"0","library(tidyr)"
"0","library(xgboost)"
"2","
Attaching package: ‘xgboost’

"
"2","The following object is masked from ‘package:dplyr’:

    slice

"
"0","library(caret)"
"2","Loading required package: lattice
"
"2","Loading required package: ggplot2
"
"0","library(mice)"
"2","
Attaching package: ‘mice’

"
"2","The following object is masked from ‘package:tidyr’:

    complete

"
